,Latitude,Temperature,City,Longitude,Max Temperature,Humidity,Cloudiness,Wind Speed,Country,Date
0,42.6,83.88,Albany,-73.97,86.0,43,33,9.1,US,1595352623
1,-54.8,35.6,Ushuaia,-68.3,35.6,93,60,2.24,AR,1595352831
2,63.92,56.91,Sangar,127.47,56.91,95,100,15.84,RU,1595352971
3,-34.48,68.38,Rocha,-54.33,68.38,87,100,4.05,UY,1595353134
4,-23.12,66.13,Rikitea,-134.97,66.13,60,46,17.94,PF,1595352861
5,57.79,64.4,Saint Paul Harbor,-152.41,64.4,63,1,4.7,US,1595352770
6,-43.32,48.6,Woodend,172.67,48.99,81,63,17.22,NZ,1595353135
7,-9.8,79.34,Atuona,-139.03,79.34,75,26,17.27,PF,1595352875
8,31.67,95.0,Turaif,38.66,95.0,21,0,13.87,SA,1595353135
9,-24.79,71.89,Castro,-50.01,71.89,53,0,7.18,BR,1595352841
10,4.87,76.91,Esim,-2.24,76.91,87,65,9.46,GH,1595352897
11,-34.53,59.0,Bredasdorp,20.04,59.0,87,0,9.17,ZA,1595352913
12,-21.36,57.74,Saint-Philippe,55.77,66.2,77,75,3.36,RE,1595353136
13,-53.15,30.09,Punta Arenas,-70.92,30.2,92,0,5.82,CL,1595352857
14,42.78,80.01,Muros,-9.06,80.01,60,0,20.0,ES,1595353136
15,38.81,86.49,Edwardsville,-89.95,88.0,79,75,4.7,US,1595353136
16,22.08,76.1,Kapaa,-159.32,78.01,78,20,14.99,US,1595352846
17,42.1,74.66,Jamestown,-79.24,75.99,73,40,4.7,US,1595353136
18,-22.97,83.14,Arraial do Cabo,-42.03,84.2,61,0,11.41,BR,1595352839
19,-0.6,84.42,Hithadhoo,73.08,84.42,76,99,11.52,MV,1595352860
20,10.39,72.05,Lere,8.57,72.05,86,17,2.24,NG,1595353137
21,-33.65,52.57,Busselton,115.33,54.0,72,15,10.27,AU,1595352870
22,18.9,101.62,Araouane,-3.53,101.62,26,25,20.02,ML,1595352918
23,-42.78,41.76,New Norfolk,147.06,46.0,84,93,4.0,AU,1595352859
24,-21.2,57.2,Vaini,-175.2,57.2,100,20,2.46,TO,1595352871
25,69.31,51.8,Andenes,16.12,51.8,93,90,11.41,NO,1595353138
26,-17.71,76.95,Caravelas,-39.25,76.95,65,9,7.9,BR,1595352895
27,-46.19,39.0,Mataura,168.86,39.0,83,99,3.0,NZ,1595353138
28,14.9,78.19,São Filipe,-24.5,78.19,75,39,6.13,CV,1595352841
29,15.85,87.8,Puerto Escondido,-97.07,87.8,62,90,8.05,MX,1595352873
30,53.13,50.54,Tokur,132.9,50.54,96,37,2.82,RU,1595353141
31,-15.77,57.2,Kununurra,128.73,57.2,31,35,9.75,AU,1595352857
32,69.45,41.0,Tuktoyaktuk,-133.04,41.0,80,90,6.93,CA,1595353142
33,-3.8,77.2,Bengkulu,102.27,77.2,86,95,5.14,ID,1595352871
34,19.22,93.2,San Patricio,-104.7,93.2,71,5,9.17,MX,1595352874
35,54.94,59.0,Kol'tsovo,83.18,59.0,87,75,4.47,RU,1595353142
36,35.87,78.37,Dumas,-101.97,82.99,69,1,5.82,US,1595352904
37,-11.3,56.17,Tingi,35.03,56.17,80,36,2.57,TZ,1595353142
38,-33.93,57.9,Cape Town,18.42,59.0,93,0,2.24,ZA,1595352572
39,41.37,86.04,Bethel,-73.41,88.0,51,20,8.05,US,1595352876
40,70.63,67.23,Chokurdakh,147.92,67.23,51,98,9.91,RU,1595352865
41,6.88,82.2,Kudat,116.85,82.4,83,20,4.7,MY,1595353143
42,-21.34,58.64,Saint-Pierre,55.48,66.2,77,75,3.36,RE,1595353143
43,-5.81,95.65,Manicoré,-61.3,95.65,30,15,3.74,BR,1595353143
44,55.17,69.8,Grande Prairie,-118.8,69.8,64,75,10.29,CA,1595353143
45,67.45,67.01,Srednekolymsk,153.68,67.01,41,11,14.07,RU,1595352959
46,53.25,64.33,Province of Groningen,6.75,66.0,63,20,12.75,NL,1595353144
47,-33.7,70.2,Chui,-53.46,70.2,82,100,5.26,UY,1595353145
48,35.49,80.6,Vrises,23.89,80.6,54,0,13.87,GR,1595353145
49,-42.88,42.46,Hobart,147.33,46.0,75,78,5.82,AU,1595352723
50,1.45,75.2,Bitung,125.18,75.2,94,20,1.12,ID,1595353145
51,71.92,48.51,Saskylakh,114.08,48.51,78,100,12.3,RU,1595352861
52,-38.0,51.44,Mar del Plata,-57.56,52.0,93,90,16.11,AR,1595352860
53,47.38,69.8,Cap-aux-Meules,-61.86,69.8,73,20,12.75,CA,1595353146
54,50.68,73.4,Severnyy,36.55,73.4,53,50,6.71,RU,1595353146
55,3.07,79.77,Butaritari,172.79,79.77,78,99,10.47,KI,1595352856
56,-37.62,53.58,Lebu,-73.65,53.58,75,100,13.18,CL,1595352890
57,72.79,49.57,Upernavik,-56.15,49.57,55,100,1.74,GL,1595352882
58,68.75,64.4,Cherskiy,161.3,64.4,45,34,7.87,RU,1595352844
59,48.8,69.31,La Sarre,-79.2,69.31,55,59,7.74,CA,1595353147
60,-22.12,70.0,Henties Bay,14.28,70.0,46,20,1.99,NA,1595352954
61,34.8,83.89,Meadow Lake,-106.54,84.99,25,1,3.36,US,1595353147
62,21.5,80.55,Burla,83.87,80.55,84,100,5.41,IN,1595353147
63,-35.33,54.88,Constitución,-72.42,54.88,76,97,9.4,CL,1595353147
64,-4.38,85.93,Benjamin Constant,-70.03,87.8,70,40,4.7,BR,1595353147
65,41.26,65.77,Huanren,125.37,65.77,89,100,1.52,CN,1595353148
66,-33.59,64.96,Port Alfred,26.89,64.96,50,0,10.76,ZA,1595352867
67,-6.6,77.83,Finschhafen,147.87,77.83,81,68,7.96,PG,1595353148
68,-32.25,53.82,Kwinana,115.77,55.99,93,90,10.11,AU,1595353148
69,46.42,87.8,Saint-François,3.91,87.8,35,39,3.36,FR,1595353007
70,37.57,64.72,Hillsborough,-122.38,70.0,68,40,9.17,US,1595353003
71,34.69,79.5,Nara,135.8,82.0,40,27,1.25,JP,1595353153
72,56.03,63.82,Kristianstad,14.15,64.4,52,10,13.87,SE,1595353153
73,-7.57,72.05,Kaniama,24.18,72.05,31,2,3.2,CD,1595353153
74,65.28,51.8,Norman Wells,-126.83,51.8,93,90,13.87,CA,1595352951
75,59.7,69.39,Nikolskoye,30.79,71.01,72,40,6.71,RU,1595352856
76,-10.07,66.96,Huarmey,-78.15,66.96,67,53,10.74,PE,1595352918
77,35.0,71.67,Gōtsuchō,132.22,71.67,92,79,4.9,JP,1595353154
78,19.73,67.69,Hilo,-155.09,73.99,68,90,5.82,US,1595353154
79,-38.27,49.35,Codrington,141.97,49.35,76,95,8.34,AU,1595352878
80,13.22,84.2,Kattivākkam,80.32,84.2,83,20,6.93,IN,1595353154
81,62.32,65.79,Varkaus,27.87,66.0,82,98,3.36,FI,1595353154
82,32.67,71.02,Ponta do Sol,-17.1,73.0,64,16,1.63,PT,1595352881
83,38.8,83.32,Colares,-9.45,87.01,45,40,16.11,PT,1595352885
84,-33.02,64.47,East London,27.91,64.47,64,0,8.08,ZA,1595352915
85,63.75,50.0,Iqaluit,-68.51,50.0,81,90,23.04,CA,1595352770
86,71.97,52.18,Khatanga,102.5,52.18,70,82,10.09,RU,1595352866
87,20.93,80.6,Nouadhibou,-17.03,80.6,61,0,13.87,MR,1595352874
88,10.06,88.47,Machiques,-72.55,88.47,63,100,1.9,VE,1595353155
89,-6.88,77.14,Labuhan,112.21,77.14,87,43,7.31,ID,1595352969
90,40.43,77.0,Yangi Marg`ilon,71.72,77.0,38,20,4.7,UZ,1595352939
91,38.52,75.2,Ribeira Grande,-28.7,75.2,57,40,10.29,PT,1595352841
92,58.75,60.8,Nyköping,17.01,60.8,67,75,9.17,SE,1595353156
93,33.19,91.62,Avera,-82.53,93.2,56,40,6.93,US,1595352887
94,19.75,94.14,Agadez,10.25,94.14,13,0,3.71,NE,1595352969
95,-34.42,55.99,Hermanus,19.23,55.99,91,0,4.45,ZA,1595352867
96,0.6,78.8,Muisne,-80.03,78.8,83,90,6.93,EC,1595353156
97,62.46,66.09,Yellowknife,-114.35,66.2,82,75,10.29,CA,1595352860
98,-22.79,84.47,Duque de Caxias,-43.31,87.8,40,20,9.17,BR,1595352891
99,48.68,60.4,Markova,24.41,60.8,87,75,8.95,UA,1595353157
100,39.18,88.72,Hamilton,-84.53,91.0,58,40,4.7,US,1595352662
101,-20.73,62.6,Mount Isa,139.5,62.6,29,16,11.41,AU,1595352971
102,-20.41,69.8,Mahébourg,57.7,69.8,52,75,8.05,MU,1595352886
103,40.28,74.8,Yumen,97.2,74.8,26,42,4.03,CN,1595352849
104,-0.74,73.81,Puerto Ayora,-90.35,75.2,69,75,11.41,EC,1595352740
105,17.02,80.6,Salalah,54.09,80.6,94,75,5.82,OM,1595352860
106,-15.38,92.19,Urubichá,-62.95,92.19,29,9,5.84,BO,1595353157
107,-46.6,39.0,Bluff,168.33,39.0,83,100,3.0,NZ,1595352858
108,71.29,33.8,Barrow,-156.79,33.8,80,90,8.05,US,1595352710
109,37.57,72.86,Seoul,126.98,73.4,88,90,0.85,KR,1595352894
110,22.29,82.71,Hong Kong,114.16,84.0,79,32,8.01,HK,1595352776
111,29.96,78.28,Shenjiamen,122.3,78.28,92,82,15.3,CN,1595353158
112,40.04,85.98,Payson,-111.73,90.0,30,1,4.7,US,1595352872
113,38.42,71.62,Laguna,-121.42,73.99,60,1,10.29,US,1595353158
114,50.03,73.26,Port-Cartier,-66.87,73.99,46,40,11.41,CA,1595353163
115,20.7,86.99,Ixtapa,-105.2,88.0,70,5,8.05,MX,1595353163
116,60.92,66.2,Narsaq,-46.05,66.2,45,40,3.36,GL,1595352873
117,33.34,104.0,Baghdad,44.4,104.0,16,0,12.75,IQ,1595352964
118,55.74,78.8,Thompson,-97.86,78.8,36,40,10.29,CA,1595352905
119,33.08,73.4,Camacha,-16.33,73.4,69,40,18.34,PT,1595352929
120,48.65,69.28,Bonavista,-53.11,69.28,70,51,17.9,CA,1595353132
121,-20.52,69.8,Souillac,57.52,69.8,52,75,8.05,MU,1595352899
122,-16.48,77.32,Faanui,-151.75,77.32,83,71,25.05,PF,1595352867
123,-8.93,54.72,Airai,125.41,54.72,95,35,3.47,TL,1595352856
124,35.07,80.6,Maşyāf,36.34,80.6,74,0,6.93,SY,1595353165
125,51.23,69.87,Mokrous,47.52,69.87,56,50,6.22,RU,1595353165
126,-2.88,80.13,Manggar,108.27,80.13,80,79,11.3,ID,1595352918
127,22.68,112.93,Taoudenni,-3.98,112.93,7,3,19.8,ML,1595352876
128,55.01,59.0,Prokudskoye,82.46,59.0,87,75,4.47,RU,1595353165
129,18.42,85.48,Road Town,-64.62,86.0,70,40,10.29,VG,1595352925
130,-27.21,82.94,Rio do Sul,-49.64,84.0,47,3,4.0,BR,1595353166
131,60.75,50.56,Haines Junction,-137.51,50.56,83,100,2.28,CA,1595353166
132,73.51,38.55,Dikson,80.55,38.55,94,100,14.52,RU,1595353166
133,49.85,67.57,Powell River,-124.54,69.8,77,75,5.82,CA,1595353166
134,32.86,90.36,Yazoo City,-90.41,93.0,62,1,6.78,US,1595353166
135,5.67,83.88,Ugoofaaru,73.0,83.88,75,100,17.11,MV,1595353166
136,-20.21,68.85,Quatre Cocos,57.76,69.8,52,75,8.05,MU,1595352931
137,-30.18,73.17,Cidreira,-50.21,73.17,65,61,2.13,BR,1595352854
138,-1.2,84.69,Carutapera,-46.02,84.69,68,2,7.54,BR,1595353167
139,64.5,47.79,Nome,-165.41,48.2,87,90,10.29,US,1595353167
140,-8.74,68.18,Kamina,24.99,68.18,36,3,3.04,CD,1595353167
141,27.98,75.76,Guerrero Negro,-114.06,75.76,58,2,12.73,MX,1595352821
142,-31.33,50.04,Elliot,27.85,50.04,35,0,6.8,ZA,1595353167
143,7.78,74.17,Gupitan,125.64,74.17,89,100,1.79,PH,1595353167
144,60.1,70.0,Novaya Ladoga,32.3,70.0,61,100,4.68,RU,1595353168
145,-5.2,75.2,Touros,-35.46,75.2,88,75,13.87,BR,1595352876
146,13.02,76.39,Putiao,123.71,76.39,92,90,2.3,PH,1595353168
147,43.12,81.61,Hyères,6.12,82.99,69,0,13.87,FR,1595353168
148,56.48,64.0,Sarapul,53.8,64.0,93,95,3.0,RU,1595353168
149,21.46,87.8,Cockburn Town,-71.14,87.8,62,40,14.99,TC,1595353169
150,-13.2,68.22,Ambilobe,49.05,68.22,72,1,3.42,MG,1595353169
151,31.6,83.7,Nacogdoches,-94.63,87.01,88,90,8.05,US,1595353169
152,-20.01,68.0,Grand Gaube,57.66,68.0,69,75,3.0,MU,1595352975
153,35.99,70.43,Mizhou,119.4,70.43,95,100,4.16,CN,1595353169
154,47.93,72.18,Corlăteni,26.55,73.99,68,70,8.05,RO,1595353169
155,-21.21,73.4,Avarua,-159.78,73.4,94,99,26.4,CK,1595352832
156,66.77,57.29,Zhigansk,123.37,57.29,95,100,19.91,RU,1595352879
157,34.64,57.92,Lompoc,-120.46,59.0,82,85,8.05,US,1595352928
158,-16.66,79.34,Silvânia,-48.61,84.2,31,0,11.41,BR,1595353170
159,-32.63,53.01,Bell Ville,-62.69,53.01,97,100,8.01,AR,1595353170
160,7.38,75.65,Yaan,8.57,75.65,91,32,5.32,NG,1595353170
161,49.42,57.61,Arkhara,130.08,57.61,77,0,3.49,RU,1595353170
162,67.63,67.77,Batagay,134.63,67.77,60,93,5.23,RU,1595353170
163,34.13,90.93,Milton,-84.3,91.99,49,75,5.82,US,1595352987
164,37.02,81.21,Antequera,-4.56,82.99,69,20,9.17,ES,1595353171
165,20.89,73.81,Kahului,-156.47,77.0,65,1,4.97,US,1595353171
166,26.12,81.66,Itoman,127.67,82.4,83,20,3.36,JP,1595353171
167,21.47,74.53,Makaha,-158.22,77.0,88,1,5.82,US,1595353171
168,53.94,52.7,Mnogovershinnyy,139.92,52.7,100,100,5.21,RU,1595352929
169,77.48,48.76,Qaanaaq,-69.36,48.76,54,18,1.54,GL,1595352835
170,-33.3,52.7,San Luis,-66.34,52.7,72,82,9.48,AR,1595353172
171,-10.95,70.36,Namalenga,39.1,70.36,69,93,9.35,TZ,1595353172
172,57.05,55.4,Sitka,-135.33,55.4,93,90,2.93,US,1595352967
173,38.32,77.34,Cangzhou,116.87,77.34,55,3,5.32,CN,1595353173
174,55.34,57.2,Ketchikan,-131.65,57.2,93,75,11.41,US,1595352970
175,41.18,86.49,Seara,-7.8,88.0,41,55,1.99,PT,1595353173
176,78.22,50.0,Longyearbyen,15.64,50.0,71,75,5.82,SJ,1595352898
177,-29.95,62.6,Coquimbo,-71.34,62.6,59,40,8.05,CL,1595353068
178,-28.45,73.4,Marau,-52.2,73.4,56,92,16.11,BR,1595353173
179,56.01,64.08,Karakulino,53.71,64.08,87,97,3.6,RU,1595353174
180,18.49,80.35,Hatillo,-66.83,84.0,77,18,7.0,PR,1595353174
181,-20.34,68.94,Bambous Virieux,57.76,69.8,52,75,8.05,MU,1595352907
182,29.03,88.45,Jalu,21.55,88.45,22,0,9.62,LY,1595353175
183,69.97,54.64,Alta,23.27,57.2,87,90,16.11,NO,1595353175
184,40.8,55.89,Eureka,-124.16,57.2,87,90,3.36,US,1595353176
185,-26.65,71.6,Lüderitz,15.16,71.6,37,0,5.82,NA,1595352951
186,48.6,57.49,Fort Frances,-93.4,60.01,87,90,6.93,CA,1595353176
187,51.65,68.95,Foam Lake,-103.53,68.95,66,12,4.32,CA,1595353176
188,52.5,62.35,Bestöbe,73.1,62.35,71,12,9.08,KZ,1595353176
189,-37.83,46.4,Mount Gambier,140.77,46.4,100,90,4.7,AU,1595352842
190,-32.32,73.0,Paysandu,-58.08,73.0,74,100,1.99,UY,1595353177
191,9.49,78.84,Bandarbeyla,50.81,78.84,71,20,32.28,SO,1595352907
192,60.14,51.51,Nanortalik,-45.24,51.51,68,98,13.11,GL,1595352839
193,29.94,89.49,Chalmette,-89.96,91.99,59,75,8.05,US,1595353177
194,-11.78,59.07,Luena,19.92,59.07,44,0,2.39,AO,1595353178
195,-35.34,42.06,Swan Hill,143.55,42.06,89,22,5.66,AU,1595353181
196,36.96,82.99,Erzin,36.2,82.99,86,1,1.99,TR,1595353181
197,63.83,60.46,Umeå,20.26,60.8,72,75,11.41,SE,1595353181
198,64.9,65.26,Leshukonskoye,45.76,65.26,67,0,5.44,RU,1595353181
199,5.41,77.63,George Town,100.34,78.8,100,40,3.36,MY,1595352846
200,5.85,74.41,Ihiala,6.86,74.41,90,89,6.22,NG,1595353182
201,65.61,48.2,Tasiilaq,-37.64,48.2,66,20,10.29,GL,1595352856
202,17.88,87.98,Morant Bay,-76.41,89.6,62,40,19.46,JM,1595353182
203,53.63,63.95,Kirgiz-Miyaki,54.8,63.95,75,59,2.62,RU,1595353182
204,-19.55,68.59,Isangel,169.27,68.59,69,18,11.68,VU,1595352844
205,41.14,87.57,Westport,-73.36,90.0,48,1,11.41,US,1595353182
206,-2.92,84.97,Itarema,-39.92,84.97,59,25,15.3,BR,1595352972
207,64.84,51.55,Fairbanks,-147.72,53.6,93,90,13.87,US,1595352702
208,60.37,48.25,Severo-Yeniseyskiy,93.04,48.25,100,100,2.1,RU,1595352933
209,28.12,77.07,Adeje,-16.73,80.6,54,0,27.51,ES,1595353183
210,47.67,73.24,Torbay,-52.73,75.99,78,75,19.46,CA,1595352861
211,-34.68,44.55,Kiama,150.87,46.0,86,15,5.61,AU,1595352985
212,-34.73,49.69,Port Lincoln,135.87,49.69,69,12,6.22,AU,1595352888
213,-45.58,37.4,Coyhaique,-72.07,37.4,74,90,4.7,CL,1595352968
214,61.95,55.4,Evensk,159.23,55.4,62,0,3.94,RU,1595353184
215,28.37,81.39,Wenling,121.36,82.0,58,100,8.05,CN,1595353184
216,-28.24,82.4,Imbituba,-48.67,82.4,45,0,3.36,BR,1595352900
217,60.25,65.32,Lohja,24.07,66.0,62,0,11.01,FI,1595353184
218,-11.18,95.23,Presidente Médici,-61.9,95.23,22,0,4.7,BR,1595353185
219,64.57,70.68,Ust-Nera,143.2,70.68,48,47,4.72,RU,1595353185
220,53.88,68.0,Verkhneural'sk,59.21,68.0,82,75,11.18,RU,1595353185
221,37.94,84.96,Corinth,22.96,86.0,44,0,3.0,GR,1595353185
222,37.08,100.4,Tall Kayf,41.07,100.4,12,0,3.36,TR,1595353186
223,46.33,82.99,Montluçon,2.6,82.99,49,68,8.14,FR,1595353186
224,-24.87,59.0,Carnarvon,113.63,59.0,100,0,6.93,AU,1595352819
225,-8.65,78.8,Denpasar,115.22,78.8,100,75,14.99,ID,1595352719
226,55.1,69.8,La Ronge,-105.28,69.8,73,20,4.7,CA,1595352871
227,41.12,79.43,Aksu,80.26,79.43,29,87,14.65,CN,1595352889
228,68.05,63.77,Bilibino,166.44,63.77,45,69,0.43,RU,1595352941
229,45.76,71.29,Mandalgovi,106.27,71.29,24,0,5.14,MN,1595353187
230,40.74,87.8,West Wendover,-114.07,87.8,18,1,8.05,US,1595353187
231,64.38,46.38,Provideniya,-173.3,46.38,79,98,1.57,RU,1595352865
232,69.38,45.55,Leningradskiy,178.42,45.55,69,97,9.78,RU,1595352856
233,-10.62,75.96,Samarai,150.67,75.96,82,59,16.46,PG,1595353188
234,60.15,53.6,Lerwick,-1.15,53.6,87,40,4.7,GB,1595353188
235,71.69,49.19,Tiksi,128.87,49.19,87,100,5.88,RU,1595352872
236,69.7,49.19,Pevek,170.31,49.19,59,95,6.35,RU,1595353190
237,32.22,86.0,Stephenville,-98.2,86.0,55,75,6.93,US,1595352959
238,69.3,65.28,Deputatsky,139.9,65.28,73,100,1.86,RU,1595352930
239,35.24,82.33,Torbat-e Jām,60.62,82.33,15,0,11.36,IR,1595353191
240,70.47,48.2,Clyde River,-68.59,48.2,81,75,8.05,CA,1595352931
241,68.82,55.4,Qasigiannguit,-51.19,55.4,47,75,6.93,GL,1595353191
242,54.63,57.33,Nesterov,22.57,57.33,81,1,8.5,RU,1595353193
243,43.69,71.31,Baksanenok,43.65,71.6,64,75,4.47,RU,1595353193
244,61.99,50.25,Raudeberg,5.14,51.8,81,75,3.36,NO,1595353194
245,20.5,102.88,Adrar,-10.07,102.88,17,88,11.59,MR,1595353194
246,51.31,49.37,Nerchinskiy Zavod,119.61,49.37,79,7,2.71,RU,1595353194
247,22.89,89.46,Cabo San Lucas,-109.91,91.99,43,20,11.41,MX,1595352818
248,44.39,79.99,Kochubey,46.58,79.99,48,59,24.76,RU,1595353194
249,48.55,69.6,Saint-Ambroise,-71.33,70.0,46,40,16.11,CA,1595353194
250,55.1,53.92,Chulym,80.96,53.92,91,5,5.68,RU,1595353195
251,-34.58,44.01,Flinders,150.86,44.01,82,8,1.01,AU,1595352884
252,52.83,60.22,Blagoveshchenka,79.87,60.22,85,52,8.68,RU,1595353196
253,39.7,72.21,Linxi,118.43,72.21,70,0,3.38,CN,1595353196
254,69.19,78.8,Snezhnogorsk,33.25,78.8,36,42,4.47,RU,1595352914
255,60.82,71.6,Hay River,-115.8,71.6,73,75,4.7,CA,1595352911
256,65.97,71.6,Kuusamo,29.18,71.6,64,100,5.82,FI,1595353196
257,-19.06,69.8,Alofi,-169.92,69.8,100,71,2.24,NU,1595352978
258,6.8,78.39,Wattegama,81.48,78.39,83,94,5.75,LK,1595353196
259,11.48,83.41,Vīraganūr,78.73,83.41,73,96,5.61,IN,1595353197
260,-2.65,72.82,Gamba,10.0,72.82,86,34,9.28,GA,1595353198
261,42.16,86.38,Palmer,-72.33,88.0,45,75,9.17,US,1595353198
262,-2.67,78.53,Vanimo,141.3,78.53,85,46,4.79,PG,1595352972
263,48.38,69.8,Senneterre,-77.23,69.8,52,75,4.7,CA,1595353198
264,-9.11,67.26,Atambua,124.89,67.26,87,46,5.59,ID,1595352968
265,53.75,55.42,Zeya,127.27,55.42,81,74,6.15,RU,1595353199
266,30.48,71.62,San Quintín,-115.95,71.62,69,62,13.87,MX,1595352949
267,11.85,84.2,San Rafael del Sur,-86.44,84.2,70,75,6.93,NI,1595353199
268,26.54,83.7,Marsh Harbour,-77.06,83.7,76,100,15.79,BS,1595352784
269,20.52,108.68,Atar,-13.05,108.68,13,74,3.29,MR,1595352847
270,-25.3,60.94,Hervey Bay,152.85,61.0,67,90,8.05,AU,1595353199
271,66.8,56.98,Kharp,65.81,56.98,82,33,2.37,RU,1595353201
272,37.23,87.8,Minudasht,55.37,87.8,38,0,4.81,IR,1595353203
273,56.01,58.1,Krutinka,71.51,58.1,82,9,5.17,RU,1595353203
274,-26.15,54.0,Delmas,28.68,54.0,29,0,5.91,ZA,1595353203
275,-19.31,80.01,São Gotardo,-46.05,80.01,43,1,6.85,BR,1595353204
276,-31.54,55.69,San Juan,-68.54,55.69,48,61,8.43,AR,1595353175
277,50.78,47.07,Genhe,121.52,47.07,79,43,1.16,CN,1595353204
278,42.6,76.6,Ingham,-84.38,78.8,65,90,1.1,US,1595353204
279,-45.42,33.44,Te Anau,167.72,33.44,91,39,1.66,NZ,1595352884
280,6.5,80.6,Porto-Novo,2.6,80.6,83,20,12.75,BJ,1595353020
281,9.29,81.86,Bac Lieu,105.72,81.86,76,36,3.91,VN,1595353205
282,-7.47,82.4,Pitimbu,-34.81,82.4,61,20,16.11,BR,1595353205
283,-31.67,58.1,Vredendal,18.5,58.1,52,0,3.44,ZA,1595353205
284,25.29,87.8,Chabahar,60.64,87.8,70,40,11.41,IR,1595353205
285,34.67,86.63,Scottsboro,-86.03,89.6,66,1,4.7,US,1595353206
286,54.43,45.32,Bagdarin,113.6,45.32,82,27,1.45,RU,1595353206
287,-9.54,67.41,Malanje,16.34,67.41,26,0,1.83,AO,1595352942
288,50.1,69.8,Sioux Lookout,-91.92,69.8,64,90,5.82,CA,1595353206
289,5.66,86.0,Puerto Ayacucho,-67.62,86.0,58,40,6.93,VE,1595353206
290,47.87,61.56,Altay,88.12,61.56,76,100,0.6,CN,1595352915
291,43.75,71.37,Goderich,-81.72,75.0,67,29,8.41,CA,1595353206
292,33.64,97.86,Hīt,42.83,97.86,9,0,10.87,IQ,1595353208
293,52.33,53.1,Tahe,124.73,53.1,70,69,3.76,CN,1595353208
294,37.1,96.71,Saint George,-113.58,97.0,18,1,17.22,US,1595352771
295,-23.53,55.24,Emerald,148.17,55.4,62,99,6.93,AU,1595353208
296,-7.86,86.72,São José do Belmonte,-38.76,86.72,30,59,13.6,BR,1595353208
297,64.86,51.4,College,-147.8,53.6,93,90,11.41,US,1595353208
298,-33.92,55.4,Port Elizabeth,25.57,55.4,93,0,2.24,ZA,1595352869
299,-14.92,56.08,Lubango,13.49,56.08,39,4,5.06,AO,1595353208
300,70.86,51.8,Berlevåg,29.09,51.8,100,90,2.24,NO,1595352916
301,63.84,51.8,Grindavik,-22.43,51.8,62,75,5.82,IS,1595352900
302,-6.52,88.48,Uiraúna,-38.41,88.48,23,64,8.32,BR,1595353209
303,-34.0,63.19,Kruisfontein,24.73,63.19,28,0,6.69,ZA,1595352882
304,31.61,77.65,Kiryat Gat,34.76,82.99,82,0,4.72,IL,1595352722
305,-2.57,81.84,Kavieng,150.8,81.84,75,19,5.59,PG,1595352898
306,52.04,64.47,Druzhba,33.95,64.47,89,99,7.4,UA,1595353209
307,68.22,42.8,Aklavik,-135.01,42.8,87,90,6.93,CA,1595352873
308,50.68,47.52,Severo-Kuril'sk,156.12,47.52,90,24,3.2,RU,1595352896
309,-27.58,56.66,Victoria Point,153.3,60.01,59,100,1.99,AU,1595353210
310,59.9,63.41,Sylling,10.28,66.99,58,74,6.11,NO,1595353210
311,49.82,69.4,Kenora,-94.43,69.8,52,90,4.7,CA,1595353210
312,-8.75,71.11,Popondetta,148.25,71.11,95,68,0.98,PG,1595353210
313,70.37,55.4,Vardø,31.11,55.4,87,60,8.05,NO,1595352970
314,-21.15,64.24,Mackay,149.2,64.4,88,90,9.17,AU,1595352949
315,23.31,58.55,Gejiu,103.16,58.55,100,99,3.89,CN,1595353211
316,11.67,81.73,Port Blair,92.75,81.73,77,100,4.05,IN,1595352911
317,18.04,93.2,Pedernales,-71.74,93.2,52,20,11.41,DO,1595353211
318,-35.62,46.0,Ngunguru,174.5,46.0,3,55,3.0,NZ,1595353211
319,66.5,66.2,Rovaniemi,25.72,66.2,82,100,4.7,FI,1595353213
320,53.6,56.95,Navahrudak,25.83,56.95,80,4,8.77,BY,1595353213
321,30.85,73.99,Camalú,-116.07,73.99,51,12,7.0,MX,1595353213
322,54.67,62.6,Tsimmerbude,20.13,62.6,63,75,15.66,RU,1595353213
323,63.9,61.5,Kysyl-Syr,122.76,61.5,89,90,11.45,RU,1595353213
324,31.75,75.94,Taft,54.21,75.94,18,0,2.64,IR,1595353213
325,-12.36,87.85,São Desidério,-44.97,87.85,30,1,9.55,BR,1595353214
326,11.29,79.66,Tibiao,122.04,79.66,76,100,4.29,PH,1595353214
327,65.17,62.85,Puteyets,57.09,62.85,60,0,3.78,RU,1595353214
328,-4.13,73.4,Baturaja,104.17,73.4,96,97,2.51,ID,1595353216
329,4.85,78.4,Taiping,100.73,78.8,88,40,6.93,MY,1595353216
330,41.12,79.77,North Platte,-100.77,81.0,50,28,3.0,US,1595353216
331,23.61,78.46,Longhua,114.19,78.46,77,60,1.39,CN,1595353216
332,-21.76,86.29,Presidente Epitácio,-52.12,86.29,30,0,7.02,BR,1595353216
333,56.34,44.91,Taksimo,114.88,44.91,85,43,1.32,RU,1595353216
334,48.12,62.85,Babstovo,132.48,62.85,92,1,1.86,RU,1595353216
335,19.37,84.34,West Bay,-81.42,87.8,70,40,13.87,KY,1595352629
336,2.04,77.04,Mogadishu,45.34,77.04,81,74,20.85,SO,1595352860
337,22.79,65.17,Simao,100.97,65.17,96,100,1.79,CN,1595353217
338,5.35,77.5,Hobyo,48.53,77.5,78,80,31.21,SO,1595352925
339,28.48,75.0,Tacoronte,-16.41,82.0,73,40,18.34,ES,1595353218
340,28.66,75.16,Los Llanos de Aridane,-17.92,77.0,65,3,14.99,ES,1595352876
341,12.18,81.12,San Policarpo,125.51,81.12,82,94,6.4,PH,1595353218
342,-33.87,50.0,Esperance,121.9,50.0,71,45,13.87,AU,1595352856
343,-3.24,52.45,Ngorongoro,35.49,52.45,82,54,4.79,TZ,1595353218
344,63.45,59.13,Verkhnevilyuysk,120.32,59.13,95,47,6.33,RU,1595353218
345,18.73,84.2,Coahuayana Viejo,-103.68,84.2,70,5,6.26,MX,1595352877
346,51.38,67.01,Margate,1.39,68.0,49,4,3.0,GB,1595352866
347,35.13,75.81,Katsuura,140.3,77.0,92,94,8.61,JP,1595352868
348,48.4,64.22,Thunder Bay,-89.32,64.4,68,90,5.82,CA,1595353219
349,34.17,54.07,Leh,77.58,54.07,50,76,8.1,IN,1595352866
350,-5.95,64.85,Mgandu,34.13,64.85,49,69,4.59,TZ,1595353219
351,-34.02,59.0,Swellendam,20.44,59.0,87,0,9.17,ZA,1595353219
352,13.22,87.8,Bathsheba,-59.52,87.8,62,40,20.8,BB,1595352760
353,-6.12,72.68,Kiunga,141.29,72.68,98,99,1.41,PG,1595353219
354,61.99,46.71,Paamiut,-49.67,46.71,80,99,10.56,GL,1595352900
355,-15.2,67.95,Mossamedes,12.15,67.95,71,3,2.71,AO,1595352929
356,11.0,76.37,Dingle,122.67,76.37,88,99,3.47,PH,1595352936
357,29.27,59.45,Jumla,82.18,59.45,71,99,1.25,NP,1595353221
358,49.49,66.13,Darhan,105.92,66.13,57,33,2.82,MN,1595352988
359,40.83,84.04,Naples,14.25,86.0,40,0,12.75,IT,1595353221
360,61.67,52.77,Baykit,96.37,52.77,73,89,2.93,RU,1595353221
361,-36.89,52.0,Olavarría,-60.32,52.0,92,100,14.52,AR,1595353221
362,52.27,63.16,Klyuchi,79.17,63.16,75,4,9.71,RU,1595353221
363,63.44,53.6,Vestmannaeyjar,-20.27,53.6,71,40,8.05,IS,1595352858
364,-28.77,51.8,Geraldton,114.6,51.8,93,5,11.41,AU,1595352645
365,61.36,61.47,Sovetskiy,63.58,61.47,61,0,2.46,RU,1595353222
366,60.72,57.52,Whitehorse,-135.05,59.0,62,75,4.7,CA,1595352912
367,39.05,69.26,Lagoa,-27.98,69.26,73,0,4.65,PT,1595352934
368,5.4,84.2,Sarangani,125.46,84.2,72,63,6.13,PH,1595353222
369,-4.08,92.53,Coari,-63.14,92.53,39,43,2.06,BR,1595353222
370,25.9,92.71,Brownsville,-97.5,93.2,49,20,6.93,US,1595353222
371,21.12,84.0,Māngrol,70.12,84.0,79,87,9.28,IN,1595353222
372,71.04,53.6,Mehamn,27.85,53.6,87,20,2.24,NO,1595353223
373,14.48,76.66,Mariveles,120.48,77.0,88,90,6.93,PH,1595353223
374,69.22,55.4,Ilulissat,-51.1,55.4,47,75,6.93,GL,1595353223
375,-21.64,80.71,São João da Barra,-41.05,82.4,58,20,13.87,BR,1595352933
376,-20.06,55.45,Masvingo,30.83,55.45,69,1,6.4,ZW,1595353057
377,-25.17,62.89,Beloha,45.05,62.89,69,7,9.93,MG,1595353223
378,68.05,64.9,Ostrovnoy,39.51,64.9,69,0,11.88,RU,1595353223
379,55.25,64.4,Carndonagh,-7.27,64.4,59,20,4.7,IE,1595353224
380,38.8,87.71,City of Saint Peters,-90.63,89.01,62,75,5.93,US,1595353224
381,-19.57,54.63,Grootfontein,18.12,54.63,39,0,7.47,NA,1595353224
382,44.5,75.09,Yalta,34.17,75.09,67,26,4.85,UA,1595353224
383,67.67,55.4,Sørland,12.69,55.4,71,75,8.05,NO,1595352912
384,68.38,51.8,Beisfjord,17.6,51.8,93,75,10.29,NO,1595353224
385,-20.22,64.4,Iquique,-70.14,64.4,55,42,9.17,CL,1595353225
386,-45.87,41.0,Comodoro Rivadavia,-67.5,41.0,80,75,8.05,AR,1595353225
387,62.23,53.6,Klaksvík,-6.59,53.6,76,5,11.41,FO,1595352872
388,39.5,74.59,Wuda,106.71,74.59,55,86,21.56,CN,1595353225
389,21.32,74.88,‘Ewa Beach,-158.01,77.0,69,75,3.36,US,1595353225
390,39.15,75.0,Ukiah,-123.21,79.0,56,20,5.82,US,1595353225
391,39.47,69.22,Yamada,141.95,69.22,93,97,9.19,JP,1595353225
392,-10.67,66.0,Paramonga,-77.83,66.0,68,68,9.8,PE,1595353226
393,9.84,76.48,Paraíso,-83.87,78.8,61,75,6.93,CR,1595353226
394,34.9,76.68,Shinshiro,137.5,79.0,90,68,2.24,JP,1595353226
395,60.72,66.2,Qaqortoq,-46.03,66.2,45,40,3.36,GL,1595353226
396,41.76,80.01,Korla,86.15,80.01,74,54,3.0,CN,1595353226
397,33.63,70.14,Zhoukou,114.63,70.14,97,100,8.9,CN,1595353227
398,-17.88,65.79,Quelimane,36.89,65.79,81,47,5.61,MZ,1595353227
399,-2.0,70.12,Issenye,34.33,70.12,53,73,4.21,TZ,1595353227
400,-13.87,81.73,Lufilufi,-171.6,81.73,73,78,9.37,WS,1595352970
401,42.03,86.23,Vila,-8.16,91.4,43,20,6.93,PT,1595352950
402,-46.28,41.0,Kaitangata,169.85,41.0,63,87,8.99,NZ,1595352880
403,44.63,58.77,Krasnorechenskiy,135.35,58.77,89,5,3.8,RU,1595353227
404,7.37,66.25,Tignère,12.65,66.25,96,72,1.03,CM,1595353227
405,49.75,69.8,Matagami,-77.63,69.8,52,75,6.17,CA,1595353227
406,8.0,75.99,Marawi,124.29,75.99,94,100,5.01,PH,1595352933
407,43.71,75.2,Mitchell,-98.03,75.2,60,20,11.41,US,1595352960
408,-8.77,74.23,Auki,160.7,74.23,84,68,7.25,SB,1595352890
409,-33.01,62.6,Saldanha,17.94,62.6,77,0,6.93,ZA,1595352927
410,38.7,83.84,Cascais,-9.42,87.01,45,40,16.11,PT,1595352884
411,-17.73,71.29,Tautira,-149.15,71.6,83,20,4.7,PF,1595353228
412,62.67,57.83,Borogontsy,131.17,57.83,82,100,9.89,RU,1595353228
413,52.08,67.68,Kvarkeno,59.73,67.68,86,99,10.6,RU,1595353228
414,55.36,59.41,Vargashi,65.85,59.41,74,37,5.7,RU,1595353228
415,63.93,67.14,Muyezerskiy,31.65,67.14,61,100,6.13,RU,1595353229
416,-11.55,64.58,Lumeje,20.78,64.58,35,0,4.16,AO,1595353229
417,-2.53,74.64,Sampit,112.95,74.64,97,72,2.73,ID,1595353229
418,-9.08,76.87,Daru,143.21,76.87,87,99,14.16,PG,1595353229
419,27.9,68.4,Xichang,102.26,68.4,79,100,3.62,CN,1595353229
420,43.21,70.97,Carballo,-8.69,75.2,60,2,10.29,ES,1595353229
421,32.31,80.35,Ardakān,54.02,80.35,16,0,4.16,IR,1595353230
422,32.9,83.91,Alamogordo,-105.96,89.01,33,1,8.05,US,1595353078
423,-6.43,76.95,Sokoni,39.55,76.95,77,95,20.22,TZ,1595353230
424,31.77,70.16,Jiangyou,104.72,70.16,83,93,2.44,CN,1595353230
425,-8.48,89.6,Campoverde,-74.81,89.6,59,75,3.36,PE,1595353230
426,11.78,91.9,Manaure,-72.44,91.9,52,47,13.65,CO,1595352862
427,-20.33,77.94,Vila Velha,-40.29,78.8,74,40,12.75,BR,1595352841
428,64.89,50.23,Olafsvik,-23.71,50.23,70,96,4.18,IS,1595352896
429,59.65,60.39,Kondinskoye,67.41,60.39,69,12,5.84,RU,1595353231
430,28.32,75.16,Jishou,109.72,75.16,85,100,3.83,CN,1595353231
431,16.36,83.98,Balingasay,119.86,83.98,72,100,4.68,PH,1595353231
432,63.05,46.87,Beringovskiy,179.32,46.87,79,0,4.36,RU,1595352926
433,54.37,64.63,Daugai,24.33,64.99,45,4,14.99,LT,1595353231
434,14.2,83.88,Kutum,24.67,83.88,40,16,4.36,SD,1595353231
435,26.68,83.34,Belle Glade,-80.67,84.0,81,95,5.01,US,1595352973
436,18.28,89.01,Baní,-70.33,89.01,70,12,4.0,DO,1595352734
437,-8.84,94.68,Manoel Urbano,-69.26,94.68,36,39,2.62,BR,1595352915
438,41.58,76.95,Hammond,-87.5,78.8,78,90,5.82,US,1595353064
439,-35.17,51.42,Ahipara,173.17,51.42,78,57,21.74,NZ,1595352872
440,7.04,77.0,Kloulklubed,134.26,77.0,88,75,10.94,PW,1595352943
441,-41.87,51.8,Ancud,-73.82,51.8,71,100,5.82,CL,1595352908
442,31.42,78.01,Kaseda-shirakame,130.32,78.01,83,49,11.01,JP,1595353232
443,-16.92,66.13,Cairns,145.77,68.0,82,90,10.29,AU,1595352938
444,37.02,70.07,Jiexiu,111.91,70.07,68,28,3.15,CN,1595353233
445,22.25,84.65,Pāliyād,71.57,84.65,70,65,9.55,IN,1595353233
446,47.79,77.02,Caraquet,-64.94,79.0,50,1,9.17,CA,1595353233
447,13.76,90.07,Tessaoua,7.99,90.07,42,68,3.47,NE,1595353233
448,-11.1,66.15,Hualmay,-77.61,66.15,66,50,9.4,PE,1595352969
449,-43.3,44.37,Rawson,-65.1,44.37,74,100,20.78,AR,1595352971
450,55.88,62.6,Osinovo,48.88,62.6,88,75,4.47,RU,1595353233
451,43.32,59.77,Nemuro,145.57,59.77,97,100,9.13,JP,1595353234
452,-6.22,77.56,Kandrian,149.55,77.56,87,79,11.07,PG,1595353234
453,45.87,71.44,Sfântu Gheorghe,25.78,72.0,70,8,3.0,RO,1595353234
454,-0.61,84.31,Salinópolis,-47.36,84.31,71,0,11.03,BR,1595352962
455,48.01,66.9,Khovd,91.64,66.9,61,98,3.0,MN,1595352896
456,13.32,93.07,Diffa,12.61,93.07,32,18,4.45,NE,1595353234
457,33.07,71.6,Porto Santo,-16.34,71.6,73,40,18.34,PT,1595353234
458,7.77,93.2,San Cristobal,-72.22,93.2,36,40,20.8,VE,1595352888
459,60.73,63.23,Nyrob,56.72,63.23,65,2,7.65,RU,1595353234
460,-1.4,76.68,Poso,120.75,76.68,78,29,6.44,ID,1595352947
461,-8.62,75.02,Maumere,122.21,75.02,69,52,2.15,ID,1595353235
462,-0.95,77.92,Padang,100.35,77.92,80,99,5.68,ID,1595353235
463,43.27,65.53,Bereda,-7.54,66.99,84,12,5.01,ES,1595353235
464,56.73,61.05,Dubna,37.17,61.05,95,99,3.09,RU,1595353235
465,-32.58,48.38,Clarence Town,151.78,50.0,87,56,9.17,AU,1595353235
466,34.39,57.4,Panjāb,67.02,57.4,36,0,6.17,AF,1595353235
467,65.42,52.38,Maniitsoq,-52.9,52.38,82,100,3.0,GL,1595353236
468,66.66,57.15,Labytnangi,66.42,57.15,74,30,3.85,RU,1595353236
469,49.5,67.78,Fernie,-115.07,71.6,59,75,2.24,CA,1595353236
470,44.51,82.65,Fort-Shevchenko,50.26,82.65,69,97,13.24,KZ,1595353237
471,50.27,56.97,Ust'-Koksa,85.61,56.97,80,99,1.86,RU,1595353237
472,70.24,53.55,Øksfjord,22.35,54.0,100,75,9.17,NO,1595352951
473,67.8,60.24,Batagay-Alyta,130.41,60.24,71,97,5.1,RU,1595353237
474,27.1,89.73,Venice,-82.45,91.0,59,75,11.41,US,1595353190
475,22.57,84.81,Sur,59.53,84.81,72,100,21.16,OM,1595352875
476,-41.41,48.78,Waipawa,175.52,50.0,85,97,9.84,NZ,1595353237
477,-8.84,75.2,Luanda,13.23,75.2,73,1,8.05,AO,1595353237
478,-6.64,94.87,São Félix do Xingu,-51.99,94.87,26,17,4.5,BR,1595353238
479,68.35,42.8,Inuvik,-133.72,42.8,75,90,6.93,CA,1595352873
480,67.68,64.49,Iskateley,53.15,64.49,65,0,10.47,RU,1595352893
481,34.37,68.5,Guozhen,107.36,68.5,85,99,1.52,CN,1595353238
482,-7.68,56.23,Ilula,36.04,56.23,80,36,6.4,TZ,1595353238
483,56.0,59.0,Hvide Sande,8.13,59.0,69,0,3.0,DK,1595353240
484,58.96,53.49,Tommot,126.29,53.49,80,0,3.18,RU,1595353240
485,41.28,82.4,Nantucket,-70.1,82.4,58,1,11.41,US,1595352937
486,35.73,74.77,Hasaki,140.83,75.2,94,75,5.82,JP,1595352877
487,-0.19,84.61,Caucayá,-74.78,84.61,72,45,0.72,CO,1595352912
488,40.6,55.45,Fortuna,-124.16,57.0,100,90,4.7,US,1595352869
489,41.87,76.91,Scottsbluff,-103.67,79.0,57,1,9.17,US,1595353222
490,45.65,85.59,Pombia,8.63,90.0,45,8,3.36,IT,1595352947
491,25.21,85.59,Ormara,64.64,85.59,77,62,14.36,PK,1595353241
492,1.74,76.73,Sibolga,98.78,76.73,83,100,3.71,ID,1595352907
493,49.78,68.0,Chapais,-74.85,68.0,49,40,14.99,CA,1595353242
494,48.76,56.5,Atikokan,-91.62,56.5,93,100,5.3,CA,1595353242
495,25.93,81.25,Santa María del Oro,-105.37,81.25,35,7,7.74,MX,1595353242
496,-13.7,64.65,Pisco,-76.22,64.99,77,55,11.41,PE,1595352885
497,55.97,65.44,Lesnyye Polyany,37.87,66.2,77,87,8.95,RU,1595353242
498,11.28,87.26,Bosaso,49.18,87.26,63,31,15.23,SO,1595352860
499,10.28,76.35,Birao,22.79,76.35,75,37,2.37,CF,1595353242
500,53.5,69.01,Vegreville,-112.05,69.01,75,99,11.95,CA,1595353243
501,21.94,77.86,Gaozhou,110.85,77.86,88,94,4.56,CN,1595353243
502,7.98,82.89,Eyl,49.82,82.89,56,46,23.11,SO,1595353243
503,-22.45,64.4,Gobabis,18.97,64.4,23,0,2.24,NA,1595353243
504,-5.32,75.2,Galesong,119.37,75.2,100,40,1.12,ID,1595353243
505,43.48,72.93,Ferrol,-8.24,75.2,60,0,10.29,ES,1595353243
506,16.86,80.6,Acapulco de Juárez,-99.89,80.6,78,90,2.24,MX,1595352902
507,28.97,93.2,Bushehr,50.84,93.2,67,0,11.41,IR,1595353243
508,43.05,77.18,Gloversville,-74.34,80.01,69,40,10.29,US,1595353244
509,-33.42,34.74,Bathurst,149.58,39.0,85,56,2.91,AU,1595353244
510,-35.66,51.96,General Pico,-63.76,51.96,92,100,10.4,AR,1595353244
511,-9.66,73.99,Waingapu,120.26,73.99,83,55,12.1,ID,1595353244
512,-22.67,69.03,Vao,167.48,69.03,71,86,11.86,NC,1595353244
513,36.85,95.67,Virginia Beach,-75.98,97.0,47,20,8.05,US,1595352596
514,-4.07,90.0,Vitorino Freire,-45.17,90.0,43,40,5.32,BR,1595353245
515,-35.1,46.0,Kaeo,173.78,46.0,3,8,3.0,NZ,1595353245
516,18.22,85.23,The Valley,-63.06,87.8,70,40,9.17,AI,1595353245
517,56.15,58.84,Kirzhach,38.87,58.84,93,96,3.51,RU,1595353245
518,-17.0,64.02,Mareeba,145.43,66.0,93,96,1.92,AU,1595352914
519,-4.2,77.99,Dolisie,12.67,77.99,53,2,6.2,CG,1595353246
520,28.77,72.66,Yibin,104.62,72.66,91,100,1.7,CN,1595353246
521,26.18,81.41,Nishihara,127.76,82.4,83,20,4.7,JP,1595352932
522,27.08,77.0,Itaunja,80.92,77.0,88,90,8.05,IN,1595353246
523,57.34,61.38,Shamary,58.22,61.38,76,65,9.37,RU,1595353246
524,53.81,61.68,Chesma,60.65,61.68,82,78,9.93,RU,1595353246
525,32.87,84.2,Birjand,59.22,84.2,12,0,16.11,IR,1595353246
526,-8.68,65.37,Mahenge,36.72,65.37,68,91,2.84,TZ,1595353246
527,7.71,81.66,Batticaloa,81.69,81.66,79,100,8.3,LK,1595353247
528,21.43,90.75,Makkah al Mukarramah,39.83,90.75,45,67,4.43,SA,1595353247
529,-25.24,53.6,Yulara,130.99,53.6,66,90,5.82,AU,1595352981
530,66.15,57.2,Pangnirtung,-65.71,57.2,62,90,11.41,CA,1595352926
531,29.16,86.77,Waddān,16.14,86.77,27,0,13.13,LY,1595352983
532,14.35,93.78,Filingué,3.32,93.78,37,64,0.63,NE,1595353247
533,54.17,64.0,Bytów,17.49,64.0,55,6,1.01,PL,1595353247
534,55.78,67.71,Spirit River,-118.84,69.8,64,75,10.29,CA,1595353247
535,12.83,91.36,kimparana,-4.92,91.36,48,45,0.54,ML,1595353248
536,42.25,79.75,Broome,-75.83,82.99,57,1,8.05,US,1595352861
537,-28.78,62.71,Richards Bay,32.04,62.71,82,0,6.87,ZA,1595353248
538,27.92,74.79,Tezu,96.17,74.79,88,100,1.61,IN,1595353248
539,36.68,61.99,Salinas,-121.66,66.99,77,75,3.36,US,1595353248
540,51.23,78.94,Saint-Augustin,-58.65,78.94,44,35,18.16,CA,1595352943
541,26.5,93.2,Daulatpur,67.97,93.2,56,40,11.41,PK,1595353249
542,56.54,64.4,Liepāja,21.04,64.4,68,52,17.22,LV,1595353249
543,-12.58,69.37,Benguela,13.41,69.37,80,0,4.03,AO,1595353249
544,28.37,77.0,Naze,129.48,77.0,94,89,2.24,JP,1595352892
545,50.25,73.99,Lac du Bonnet,-96.06,73.99,60,93,1.99,CA,1595353249
546,59.57,53.56,Magadan,150.8,53.56,79,51,4.14,RU,1595353249
547,37.94,84.96,Corinth,22.96,86.0,44,0,3.0,GR,1595353185
548,62.86,64.89,Dvinskoy Bereznik,42.71,64.89,78,83,8.12,RU,1595353250
549,28.07,75.16,Pāsighāt,95.33,75.16,89,100,2.77,IN,1595353250
550,25.29,96.8,Esna,32.55,96.8,28,6,5.82,EG,1595352887
551,3.48,78.4,Pekan,103.4,78.8,94,20,1.03,MY,1595353114
552,69.49,51.8,Talnakh,88.4,51.8,81,78,17.9,RU,1595352879
553,36.75,87.8,Algiers,3.04,87.8,58,0,9.17,DZ,1595353250
554,-3.37,75.88,Nabire,135.48,75.88,86,96,4.0,ID,1595353251
555,25.52,73.98,Tura,90.22,73.98,98,98,5.28,IN,1595352870
556,58.7,57.54,Parabel',81.48,57.54,77,47,10.0,RU,1595353253
557,-34.86,60.66,Paso de Carrasco,-56.05,64.0,87,90,4.7,UY,1595353073
